"","track.name","instrumentalness","danceability","acousticness","energy","tempo","speechiness","valence","Playlist"
"1","Shivers",0,0.788,0.281,0.859,141.02,0.0856,0.822,"Happy"
"2","Summer of Love (Shawn Mendes & Tainy)",0.000127,0.776,0.0297,0.808,123.988,0.117,0.494,"Happy"
"3","Heartbreak Anthem (with David Guetta & Little Mix)",0,0.595,0.216,0.784,124.111,0.102,0.479,"Happy"
"4","Run",0,0.682,0.326,0.72,117.003,0.0381,0.673,"Happy"
"5","Fly Away",0,0.806,0.217,0.513,124.988,0.0685,0.503,"Happy"
"6","The Best Days (feat. Tabitha)",0,0.667,0.0863,0.827,107.95,0.0368,0.573,"Happy"
"7","Love You Better",0.0013,0.733,0.0931,0.786,102.999,0.0422,0.786,"Happy"
"8","You for Me",1.81e-06,0.733,0.0481,0.886,126.031,0.0426,0.696,"Happy"
"9","At Least I Had Fun",0,0.794,0.198,0.706,116.032,0.0382,0.908,"Happy"
"10","Anyone",3.13e-06,0.686,0.181,0.538,115.884,0.0345,0.584,"Happy"
"11","Good Vibes",0,0.558,0.274,0.877,99.988,0.145,0.762,"Happy"
"12","Pick Me Up",1.34e-06,0.688,0.0971,0.662,115.106,0.0441,0.549,"Happy"
"13","Love Me Now (feat. Zoe Wees)",0,0.662,0.163,0.489,102.04,0.0525,0.506,"Happy"
"14","Cloudy Day",2.81e-06,0.705,0.0643,0.776,116.011,0.0445,0.366,"Happy"
"15","Lifestyle (feat. Adam Levine)",0,0.749,0.0209,0.674,123.055,0.0366,0.711,"Happy"
"16","Slow Dance (feat. Ava Max) - Sam Feldt Remix",2.02e-06,0.732,0.114,0.85,124.024,0.0444,0.372,"Happy"
"17","Lasting Lover",0,0.676,0.197,0.786,125.983,0.0478,0.483,"Happy"
"18","Dive",0,0.654,0.00515,0.787,123.978,0.0502,0.409,"Happy"
"19","Remember",0,0.612,0.041,0.862,123.849,0.037,0.354,"Happy"
"20","Friends",1.26e-05,0.747,0.198,0.537,97.056,0.0413,0.453,"Happy"
"21","Sunshine",0,0.697,0.137,0.875,140.069,0.034,0.774,"Happy"
"22","Never Love You Again (with Little Big Town & Bryn Christopher)",3.57e-06,0.645,0.0343,0.786,124.962,0.0554,0.597,"Happy"
"23","Cover Me In Sunshine",0,0.476,0.0599,0.594,159.702,0.135,0.314,"Happy"
"24","Wonder",1.8e-05,0.333,0.131,0.637,139.898,0.0581,0.132,"Happy"
"25","Get To Know You",0,0.761,0.0783,0.695,118.004,0.0886,0.69,"Happy"
"26","Remember This",0,0.669,0.217,0.629,110.865,0.0803,0.294,"Happy"
"27","If You Really Love Me (How Will I Know)",0,0.692,0.0512,0.883,122.984,0.0582,0.614,"Happy"
"28","Runaway (with Sigala and JP Cooper)",0,0.617,0.213,0.756,121.828,0.104,0.432,"Happy"
"29","Watermelon Sugar",0,0.548,0.122,0.816,95.39,0.0465,0.557,"Happy"
"30","I Found You",0,0.646,0.0714,0.761,129.916,0.0385,0.472,"Happy"
"31","My Head & My Heart",0,0.614,0.0697,0.934,116.001,0.07,0.436,"Happy"
"32","Dumb",2.57e-05,0.728,0.194,0.636,124.023,0.0366,0.433,"Happy"
"33","My Universe",0,0.588,0.00813,0.701,104.988,0.0402,0.443,"Happy"
"34","Smile",0.00122,0.592,0.000618,0.749,127.038,0.0295,0.799,"Happy"
"35","Take You Dancing",0,0.789,0.0332,0.711,112.985,0.041,0.753,"Happy"
"36","Call On Me (feat. Georgia Ku)",0,0.662,0.171,0.794,104.951,0.0533,0.641,"Happy"
"37","Tangerine Skies",2e-05,0.756,0.0578,0.815,120.002,0.046,0.927,"Happy"
"38","I Don't Know Why",7.2e-06,0.499,0.124,0.898,120.04,0.124,0.618,"Happy"
"39","How Will I Know",3.35e-06,0.761,0.178,0.739,118.997,0.0369,0.656,"Happy"
"40","Little Bit Of Love",0,0.659,0.0636,0.801,105.991,0.0435,0.334,"Happy"
"41","Dancing in the Moonlight (feat. NEIMY)",0,0.659,0.27,0.617,119.858,0.0649,0.187,"Happy"
"42","Higher Power",2.44e-05,0.507,0.00711,0.828,178.032,0.0449,0.489,"Happy"
"43","Acapulco",0,0.774,0.051,0.792,122.062,0.0523,0.507,"Happy"
"44","Drown (feat. Clinton Kane)",0,0.573,0.212,0.739,120.077,0.0581,0.363,"Happy"
"45","Bigger Than",0,0.421,0.151,0.669,175.788,0.127,0.326,"Happy"
"46","Missing Piece",5.97e-06,0.628,0.0155,0.877,101.992,0.046,0.721,"Happy"
"47","Tick Tock (feat. 24kGoldn)",7.91e-06,0.779,0.369,0.705,101.022,0.0344,0.946,"Happy"
"48","Weekend Vibe",1.37e-06,0.688,0.00912,0.742,110.026,0.0496,0.74,"Happy"
"49","2 Hearts (feat. Gia Koka)",5.85e-05,0.503,0.264,0.754,116.524,0.0424,0.597,"Happy"
"50","Be Kind",0,0.929,0.068,0.67,120.935,0.0488,0.938,"Happy"
"51","Together",0.0806,0.521,0.0132,0.877,180.007,0.0683,0.199,"Happy"
"52","Risk It All",0,0.706,0.19,0.914,124.03,0.0615,0.299,"Happy"
"53","What A Man Gotta Do",1.03e-06,0.852,0.00839,0.698,113.039,0.0629,0.324,"Happy"
"54","Good Mood - Original Song From Paw Patrol: The Movie",0,0.735,0.00088,0.694,121.46,0.0387,0.777,"Happy"
"55","Somebody",0.000238,0.721,0.00178,0.763,117.981,0.0382,0.436,"Happy"
"56","Little Bit Of Love - Indian Summer Remix",1.04e-05,0.708,0.0133,0.758,101.017,0.0367,0.272,"Happy"
"57","Take Care of You",5.26e-05,0.66,0.141,0.667,114.901,0.0474,0.452,"Happy"
"58","THATS WHAT I WANT",0,0.737,0.00614,0.846,87.981,0.22,0.546,"Happy"
"59","Call On Me",0,0.582,0.021,0.889,121.977,0.0491,0.438,"Happy"
"60","Be Okay (with HRVY)",0,0.73,0.0179,0.558,100.066,0.0786,0.618,"Happy"
"61","Lease On Life",0,0.704,0.0593,0.701,88.016,0.0596,0.606,"Happy"
"62","Holy (feat. Chance The Rapper)",0,0.673,0.196,0.704,86.919,0.36,0.372,"Happy"
"63","All I Know So Far",0,0.578,0.0586,0.639,108.045,0.0374,0.296,"Happy"
"64","Head & Heart (feat. MNEK)",1.14e-05,0.734,0.168,0.874,122.953,0.0662,0.905,"Happy"
"65","Kings & Queens",0,0.638,0.00775,0.688,129.856,0.0407,0.434,"Happy"
"66","Lean On Me",0,0.799,0.412,0.419,156.055,0.174,0.716,"Happy"
"67","Best Is Yet To Come (with Kyle Reynolds)",0,0.569,0.0148,0.85,122.042,0.0369,0.551,"Happy"
"68","Starstruck",0,0.555,0.011,0.879,113.852,0.0983,0.691,"Happy"
"69","Rain On Me (with Ariana Grande)",0,0.672,0.021,0.855,123.056,0.0397,0.646,"Happy"
"70","Hailey",0,0.462,0.0367,0.745,100.042,0.0699,0.254,"Happy"
"71","You (with Marshmello & Vance Joy)",0,0.668,0.0493,0.563,103.116,0.0522,0.305,"Happy"
"72","Dynamite",0,0.746,0.0112,0.765,114.044,0.0993,0.737,"Happy"
"73","Smile",0,0.783,0.0238,0.912,98.025,0.243,0.749,"Happy"
"74","Someone",8.03e-06,0.7,0.0531,0.904,103.039,0.0431,0.347,"Happy"
"75","Over It",0,0.747,0.101,0.829,119.982,0.106,0.793,"Happy"
"76","Peaches (feat. Daniel Caesar & Giveon)",0,0.677,0.321,0.696,90.03,0.119,0.464,"Happy"
"77","Best Of You (feat. Elle King)",0,0.653,0.0515,0.623,175.884,0.0938,0.48,"Happy"
"78","Freedom",0,0.715,0.127,0.635,112.887,0.0791,0.39,"Happy"
"79","Sing It With Me",0,0.54,0.0744,0.793,112.219,0.0493,0.399,"Happy"
"80","Summer Feelings (feat. Charlie Puth) - From 'SCOOB!' The Album",0,0.696,0.262,0.686,115.982,0.0309,0.7,"Happy"
"81","Manila",0,0.678,0.234,0.735,150.091,0.0617,0.71,"Happy"
"82","Year of the Young",1.01e-05,0.611,0.000817,0.88,144.996,0.0378,0.771,"Happy"
"83","Love Not War (The Tampa Beat)",0,0.738,0.105,0.85,98.013,0.0642,0.865,"Happy"
"84","Wave of You",0,0.695,0.057,0.656,90.986,0.0489,0.346,"Happy"
"85","Broke Boy",0,0.796,0.164,0.694,98.005,0.234,0.847,"Happy"
"86","My Way (Steve Aoki & Aloe Blacc)",0,0.585,0.11,0.82,169.895,0.0774,0.396,"Happy"
"87","One Too Many",0,0.697,0.247,0.535,82.959,0.068,0.594,"Happy"
"88","Body Back (feat. Maia Wright)",1.33e-06,0.686,0.0948,0.83,123.032,0.0369,0.486,"Happy"
"89","Dynamite",0,0.624,0.0704,0.86,100.897,0.124,0.816,"Happy"
"90","I'll Wait",1.7e-05,0.611,0.144,0.651,122.983,0.0589,0.351,"Happy"
"91","Never Felt A Love Like This (with Hook N Sling) [feat. Dotan]",0.00359,0.58,0.0304,0.804,126.005,0.0279,0.137,"Happy"
"92","Fingertips",0,0.718,0.07,0.693,88.026,0.0252,0.691,"Happy"
"93","Savage Love (Laxed - Siren Beat)",0,0.795,0.243,0.48,149.919,0.0688,0.723,"Happy"
"94","Who's Laughing Now",3.63e-06,0.648,0.00565,0.641,184.021,0.0389,0.505,"Happy"
"95","Iko Iko (My Bestie)",2.01e-06,0.862,0.131,0.753,105.039,0.0625,0.827,"Happy"
"96","Glorious",0,0.756,0.155,0.54,108.274,0.125,0.642,"Happy"
"97","Perfect (feat. Haris)",0,0.751,0.0955,0.657,118.029,0.0989,0.532,"Happy"
"98","2step",0,0.763,0.169,0.661,95.002,0.056,0.632,"Happy"
"99","Rewrite The Stars (with James Arthur & Anne-Marie)",0,0.67,0.237,0.743,125.944,0.0393,0.571,"Happy"
"100","Nobody",0,0.665,0.682,0.471,160.785,0.255,0.562,"Happy"
"101","It'll Be Okay",0.000146,0.398,0.616,0.286,78.262,0.033,0.0666,"Sad"
"102","london (with Cam)",0.000186,0.541,0.59,0.494,83.835,0.0401,0.212,"Sad"
"103","Bottle of Advil",0,0.648,0.888,0.318,113.075,0.0302,0.68,"Sad"
"104","if you hate me, say it",4.67e-05,0.608,0.303,0.224,102.092,0.0287,0.203,"Sad"
"105","LOVE ME OR LEAVE ME",0,0.732,0.524,0.459,130.136,0.0898,0.481,"Sad"
"106","People Watching",0,0.53,0.385,0.593,125.723,0.0545,0.538,"Sad"
"107","Remember That Night?",9.51e-05,0.679,0.585,0.61,123.978,0.0305,0.554,"Sad"
"108","All Too Well (10 Minute Version) (Taylor's Version) (From The Vault)",0,0.631,0.274,0.518,93.023,0.0303,0.205,"Sad"
"109","Happier Than Ever",0.00349,0.332,0.767,0.225,81.055,0.0348,0.297,"Sad"
"110","Never the 1",0,0.483,0.906,0.27,78.49,0.266,0.33,"Sad"
"111","What A Time (feat. Niall Horan)",0,0.516,0.662,0.467,132.861,0.0302,0.386,"Sad"
"112","Falling",1.46e-06,0.567,0.839,0.267,110.011,0.0299,0.0592,"Sad"
"113","I GUESS I'M IN LOVE",1.77e-05,0.422,0.877,0.34,77.213,0.0351,0.223,"Sad"
"114","Heather",0,0.357,0.584,0.425,102.078,0.0333,0.27,"Sad"
"115","wish i loved you in the 90s",0,0.435,0.871,0.481,77.398,0.0327,0.38,"Sad"
"116","July",0,0.708,0.868,0.186,72.541,0.0422,0.321,"Sad"
"117","GHOST TOWN",0,0.391,0.389,0.335,174.185,0.0763,0.116,"Sad"
"118","Set Me Free",0,0.449,0.256,0.39,130.11,0.0363,0.123,"Sad"
"119","Easy On Me",0,0.604,0.578,0.366,141.981,0.0282,0.13,"Sad"
"120","when was it over? (feat. Sam Hunt)",1.91e-06,0.626,0.816,0.453,129.958,0.0306,0.494,"Sad"
"121","All Too Well (Sad Girl Autumn Version) - Recorded at Long Pond Studios",0,0.585,0.838,0.286,93.009,0.0312,0.189,"Sad"
"122","Astronomy",2.11e-05,0.471,0.593,0.335,145.252,0.0273,0.111,"Sad"
"123","feel like shit",0,0.508,0.516,0.378,144.962,0.0473,0.161,"Sad"
"124","drivers license",1.31e-05,0.585,0.721,0.436,143.874,0.0601,0.132,"Sad"
"125","Back to Friends",0,0.749,0.82,0.319,116.828,0.0771,0.216,"Sad"
"126","Best Days",4.21e-06,0.518,0.875,0.318,77.594,0.0749,0.227,"Sad"
"127","exile (feat. Bon Iver)",5.62e-05,0.298,0.778,0.38,75.602,0.0287,0.152,"Sad"
"128","Goodnight",0.000181,0.484,0.603,0.346,79.972,0.0371,0.0974,"Sad"
"129","Fix It to Break It",0,0.493,0.845,0.461,51.414,0.0456,0.35,"Sad"
"130","Talking to the Moon",0,0.498,0.511,0.59,145.867,0.032,0.0784,"Sad"
"131","Love You From a Distance",0,0.333,0.557,0.538,149.377,0.0325,0.63,"Sad"
"132","you broke me first",0,0.667,0.785,0.373,124.148,0.05,0.0823,"Sad"
"133","Walked Through Hell",0,0.508,0.664,0.404,81.713,0.0788,0.129,"Sad"
"134","Water Fountain",7.4e-05,0.723,0.388,0.504,133.975,0.0392,0.551,"Sad"
"135","I miss you, I’m sorry",1.47e-06,0.445,0.731,0.455,109.885,0.0575,0.151,"Sad"
"136","you were good to me",1.98e-05,0.46,0.909,0.0834,98.329,0.0433,0.21,"Sad"
"137","Closure",0,0.696,0.967,0.106,124.168,0.0458,0.35,"Sad"
"138","Train Wreck",0,0.311,0.701,0.485,77.355,0.0365,0.225,"Sad"
"139","could cry just thinkin about you",0,0.515,0.318,0.323,147.972,0.0429,0.188,"Sad"
"140","Make It To Me",3.1e-06,0.456,0.63,0.379,149.967,0.0685,0.225,"Sad"
"141","Keep Your Head Up Princess",0,0.689,0.97,0.143,85.398,0.264,0.528,"Sad"
"142","Crying Over You",0,0.463,0.679,0.411,147.3,0.0414,0.163,"Sad"
"143","Heartbreak Anniversary",1.02e-06,0.449,0.524,0.465,89.087,0.0791,0.543,"Sad"
"144","One More I Love You",0.00218,0.631,0.768,0.381,92.951,0.0386,0.546,"Sad"
"145","Love is Pain",0.000104,0.609,0.927,0.141,78.233,0.0394,0.107,"Sad"
"146","Cry with you",1.5e-06,0.51,0.321,0.307,159.794,0.101,0.356,"Sad"
"147","Changes",3.88e-05,0.648,0.939,0.115,119.967,0.0445,0.29,"Sad"
"148","Cry Over Boys",2.44e-05,0.855,0.837,0.254,118.006,0.0664,0.378,"Sad"
"149","A Little Bit Yours",0,0.598,0.735,0.295,87.025,0.0276,0.314,"Sad"
"150","The Way You Felt",0,0.872,0.715,0.52,131.918,0.0618,0.736,"Sad"
"151","Grey",0,0.298,0.869,0.295,171.361,0.0318,0.199,"Sad"
"152","all i need (the distance song)",0,0.651,0.976,0.119,97.061,0.04,0.376,"Sad"
"153","Gone",0,0.317,0.039,0.545,139.014,0.0469,0.14,"Sad"
"154","Break My Heart Again",0,0.402,0.907,0.151,144.293,0.0395,0.483,"Sad"
"155","Young & Sad",0,0.618,0.592,0.428,142.021,0.038,0.359,"Sad"
"156","Better Man (Taylor's Version) (From The Vault)",0,0.473,0.214,0.579,73.942,0.0384,0.255,"Sad"
"157","Devil On My Shoulder",1.82e-05,0.661,0.649,0.323,129.955,0.0412,0.372,"Sad"
"158","Let Somebody Go",0.00245,0.592,0.193,0.342,130.953,0.0339,0.155,"Sad"
"159","House With No Mirrors",2.61e-06,0.72,0.832,0.408,121.972,0.0498,0.341,"Sad"
"160","I Lost a Friend",0,0.453,0.587,0.209,169.316,0.223,0.216,"Sad"
"161","Place In Me",2.36e-06,0.274,0.865,0.345,68.639,0.0309,0.218,"Sad"
"162","Rockland",0.000182,0.486,0.786,0.402,125.801,0.048,0.398,"Sad"
"163","my tears ricochet",0,0.456,0.814,0.265,129.947,0.0328,0.112,"Sad"
"164","Male Fantasy",0,0.687,0.863,0.288,110.927,0.045,0.308,"Sad"
"165","Unstable (feat. The Kid LAROI)",0,0.495,0.737,0.333,99.757,0.0288,0.37,"Sad"
"166","Dumb Love",0,0.569,0.0296,0.422,76.96,0.0302,0.175,"Sad"
"167","Crazier Things",3.35e-06,0.606,0.731,0.237,93.105,0.029,0.254,"Sad"
"168","A Concert Six Months From Now",0,0.53,0.712,0.232,138.908,0.0584,0.268,"Sad"
"169","Crocodiles",0,0.543,0.658,0.44,139.58,0.0379,0.348,"Sad"
"170","right where you left me - bonus track",0.000106,0.581,0.769,0.619,137.915,0.0282,0.645,"Sad"
"171","Stay",0,0.618,0.883,0.37,114.26,0.0543,0.433,"Sad"
"172","Broken",0,0.504,0.518,0.352,83.259,0.0615,0.229,"Sad"
"173","Lonely (with benny blanco)",0,0.631,0.879,0.226,79.968,0.0396,0.0765,"Sad"
"174","Skinny Dipping - Acoustic",0,0.411,0.71,0.28,172.073,0.063,0.576,"Sad"
"175","It's Raining, It's Pouring",1.94e-05,0.598,0.68,0.444,113.919,0.0327,0.286,"Sad"
"176","happiness",0,0.559,0.87,0.334,122.079,0.0376,0.211,"Sad"
"177","i looked into your eyes",0,0.475,0.853,0.0989,133.713,0.0474,0.3,"Sad"
"178","Here's Your Perfect",0,0.558,0.499,0.454,113.12,0.0551,0.424,"Sad"
"179","Lose You To Love Me",0,0.505,0.576,0.34,101.993,0.0438,0.0916,"Sad"
"180","i love you",0.00453,0.421,0.952,0.131,137.446,0.0382,0.12,"Sad"
"181","The Worst Of You",6.64e-06,0.555,0.791,0.35,77.772,0.0503,0.404,"Sad"
"182","Renegade (feat. Taylor Swift)",0.0236,0.532,0.435,0.708,167.977,0.0505,0.586,"Sad"
"183","evermore (feat. Bon Iver)",0.00227,0.39,0.937,0.27,125.177,0.0308,0.32,"Sad"
"184","The Trauma and The Pleasure",0,0.604,0.335,0.601,141.011,0.046,0.572,"Sad"
"185","My Person",0,0.504,0.599,0.596,143.818,0.384,0.215,"Sad"
"186","To Be Loved",0,0.356,0.843,0.176,170.425,0.0391,0.289,"Sad"
"187","Is It Just Me? (feat. JP Cooper)",0,0.478,0.688,0.339,145.441,0.0544,0.288,"Sad"
"188","Older",0,0.628,0.732,0.298,63.762,0.0713,0.166,"Sad"
"189","Liability",0,0.587,0.92,0.229,75.67,0.128,0.379,"Sad"
"190","listen before i go",0.00384,0.319,0.935,0.0561,79.764,0.045,0.082,"Sad"
"191","i can't breathe",0.00287,0.347,0.893,0.209,82.878,0.0273,0.0735,"Sad"
"192","Someone Like You (feat. Joy Oladokun)",0,0.614,0.468,0.526,177.913,0.0603,0.366,"Sad"
"193","The Night You Left",0,0.307,0.397,0.521,83.155,0.0848,0.39,"Sad"
"194","Panic Attacks in Paradise",0,0.695,0.554,0.386,127.947,0.0337,0.214,"Sad"
"195","tear myself apart",0,0.488,0.212,0.498,85.985,0.0274,0.324,"Sad"
"196","Happier Without Me",0,0.398,0.436,0.248,159.941,0.0355,0.199,"Sad"
"197","(Wish I Didn't Have to) Lie [feat. JORDY]",0,0.506,0.819,0.281,89.814,0.0347,0.279,"Sad"
"198","Learning To Live Without You",2.05e-06,0.559,0.747,0.237,67.442,0.0537,0.174,"Sad"
"199","Love Is Gone - Acoustic",1.66e-06,0.541,0.882,0.153,139.644,0.0303,0.359,"Sad"
"200","Hurt Again",2.97e-06,0.638,0.123,0.564,96.08,0.0374,0.109,"Sad"
"201","primeiro verão",0.912,0.33,0.995,0.0576,69.092,0.0387,0.086,"Calm"
"202","Hideaway",0.93,0.46,0.986,0.0691,116.615,0.0354,0.37,"Calm"
"203","Bla°regn",0.951,0.293,0.97,0.127,171.198,0.165,0.556,"Calm"
"204","When you were near",0.852,0.459,0.991,0.0408,69.467,0.0327,0.316,"Calm"
"205","A Little Journey",0.933,0.454,0.994,0.0841,120.93,0.0547,0.0793,"Calm"
"206","Sunrise",0.779,0.273,0.981,0.007,85.007,0.0529,0.0666,"Calm"
"207","Home full of solipsism",0.94,0.479,0.996,0.0431,95.694,0.0378,0.172,"Calm"
"208","Closure",0.939,0.399,0.995,0.0283,129.154,0.0425,0.252,"Calm"
"209","Fallboard",0.942,0.404,0.996,0.0384,97.428,0.0416,0.385,"Calm"
"210","New Dawn",0.927,0.37,0.989,0.0122,70.854,0.0349,0.215,"Calm"
"211","Fiorire",0.946,0.326,0.991,0.058,94.49,0.037,0.179,"Calm"
"212","In The Stars",0.957,0.397,0.988,0.00375,64.443,0.0393,0.11,"Calm"
"213","Notes in the Stars",0.956,0.419,0.969,0.00546,70.361,0.0524,0.15,"Calm"
"214","Donde Nadas",0.934,0.323,0.995,0.0323,98.443,0.0376,0.196,"Calm"
"215","When We Dance",0.947,0.442,0.987,0.0837,150.64,0.0405,0.147,"Calm"
"216","Oh Endless Day",0.934,0.328,0.994,0.0154,96.264,0.0436,0.308,"Calm"
"217","Young Love",0.916,0.401,0.994,0.0273,133.722,0.0532,0.236,"Calm"
"218","Once when I was young",0.921,0.348,0.987,0.0407,111.386,0.0508,0.0447,"Calm"
"219","Bolero Chiquito",0.95,0.401,0.991,0.0814,78.553,0.0322,0.175,"Calm"
"220","Pour toujours",0.915,0.227,0.994,0.0643,165.015,0.0461,0.31,"Calm"
"221","Megaclite",0.924,0.221,0.992,0.0755,158.791,0.0366,0.273,"Calm"
"222","A World Without Pain",0.885,0.381,0.994,0.00324,101.624,0.0351,0.0839,"Calm"
"223","Amaryllis",0.946,0.417,0.981,0.024,68.886,0.0378,0.135,"Calm"
"224","With you",0.939,0.463,0.991,0.0322,100.024,0.0393,0.198,"Calm"
"225","Older",0.919,0.32,0.996,0.00892,91.366,0.0532,0.338,"Calm"
"226","Lillian",0.939,0.239,0.98,0.0609,203.679,0.0333,0.259,"Calm"
"227","Morning Song",0.931,0.56,0.995,0.0473,98.535,0.0364,0.198,"Calm"
"228","Glow",0.943,0.423,0.992,0.0265,68.263,0.0462,0.188,"Calm"
"229","Mother May I",0.93,0.414,0.991,0.0903,113.389,0.0383,0.0863,"Calm"
"230","Sioux",0.93,0.699,0.995,0.0418,105.03,0.0528,0.115,"Calm"
"231","Mother",0.888,0.529,0.993,0.0012,96.494,0.0946,0.137,"Calm"
"232","Hour of Rest",0.936,0.308,0.973,0.00889,143.231,0.0397,0.11,"Calm"
"233","Apelblom",0.938,0.409,0.995,0.0276,66.873,0.0392,0.323,"Calm"
"234","Heart Questions",0.888,0.345,0.994,0.0089,107.856,0.0522,0.587,"Calm"
"235","Serenity",0.924,0.472,0.993,0.0101,63.534,0.044,0.384,"Calm"
"236","Estebania",0.866,0.481,0.992,0.0875,101.224,0.0338,0.186,"Calm"
"237","Waves",0.961,0.583,0.994,0.0898,113.186,0.0336,0.337,"Calm"
"238","Days Gone By",0.948,0.305,0.994,0.0167,166.454,0.045,0.376,"Calm"
"239","Prelude In A-Flat",0.935,0.274,0.996,0.032,202.592,0.0388,0.531,"Calm"
"240","Quérete a ti mesmo",0.962,0.519,0.992,0.00524,79.054,0.0513,0.198,"Calm"
"241","Circumstances",0.842,0.453,0.99,0.0436,71.987,0.0364,0.198,"Calm"
"242","Skymning",0.913,0.256,0.995,0.00409,101.043,0.0396,0.437,"Calm"
"243","Blue Water Floats",0.861,0.277,0.991,0.017,167.967,0.0439,0.133,"Calm"
"244","In Good And Bad Times",0.936,0.323,0.991,0.0334,87.797,0.0358,0.177,"Calm"
"245","Träumerei",0.935,0.515,0.989,0.048,98.594,0.0408,0.0944,"Calm"
"246","The Orchard (I)",0.954,0.33,0.994,0.0547,176.296,0.059,0.218,"Calm"
"247","Next Part Of The Dream",0.933,0.423,0.994,0.0382,122.373,0.0469,0.222,"Calm"
"248","True Self",0.946,0.2,0.973,0.00406,56.958,0.0432,0.151,"Calm"
"249","Papillon",0.948,0.448,0.988,0.00739,61.133,0.0384,0.323,"Calm"
"250","Whispered Winds",0.943,0.488,0.99,0.0773,79.586,0.0594,0.249,"Calm"
"251","Homecoming",0.889,0.277,0.993,0.0168,166.904,0.048,0.175,"Calm"
"252","A´rtabra",0.917,0.241,0.995,0.0167,204.195,0.0443,0.139,"Calm"
"253","Freddie's Theme",0.955,0.429,0.994,0.00955,65.547,0.0352,0.359,"Calm"
"254","Growth",0.931,0.464,0.995,0.0144,127.023,0.0532,0.147,"Calm"
"255","Softly Spoken",0.959,0.527,0.996,0.00635,69.758,0.0659,0.736,"Calm"
"256","Ever Since",0.922,0.475,0.991,0.0372,85.356,0.0518,0.257,"Calm"
"257","De seu",0.95,0.322,0.995,0.0343,178.422,0.0444,0.312,"Calm"
"258","A New Day",0.941,0.3,0.991,0.0547,203.33,0.0502,0.18,"Calm"
"259","Rest",0.902,0.334,0.993,0.00376,91.418,0.0365,0.15,"Calm"
"260","Juniper",0.95,0.36,0.993,0.0345,137.68,0.0328,0.219,"Calm"
"261","Now and Then",0.879,0.267,0.993,0.0338,74.461,0.0481,0.321,"Calm"
"262","Yet To Come",0.921,0.543,0.99,0.0666,134.053,0.038,0.256,"Calm"
"263","Mystic Lily",0.91,0.439,0.983,0.034,96.76,0.0533,0.0633,"Calm"
"264","Rowan's Lullaby",0.91,0.522,0.992,0.00941,112.488,0.055,0.184,"Calm"
"265","A bed of tulips",0.961,0.521,0.994,0.0058,64.963,0.0459,0.416,"Calm"
"266","Dried Out",0.895,0.283,0.995,0.0187,60.795,0.044,0.128,"Calm"
"267","First Sunlight",0.957,0.377,0.996,0.00365,67.742,0.0477,0.244,"Calm"
"268","Peace",0.925,0.451,0.989,0.0662,93.768,0.037,0.102,"Calm"
"269","In questo momento",0.881,0.223,0.985,0.0144,88.991,0.0408,0.0326,"Calm"
"270","Ocean Heart",0.881,0.46,0.988,0.0679,113.82,0.0346,0.139,"Calm"
"271","The Owl",0.911,0.485,0.986,0.151,61.566,0.0313,0.345,"Calm"
"272","Moving Forward",0.936,0.248,0.995,0.0173,199.345,0.0417,0.179,"Calm"
"273","Sunset Aglow",0.931,0.396,0.995,0.0181,129.868,0.0439,0.393,"Calm"
"274","Kveld",0.935,0.45,0.981,0.0897,64.067,0.036,0.368,"Calm"
"275","Sol 42",0.941,0.413,0.993,0.0137,67.227,0.0445,0.0612,"Calm"
"276","Just a Thought",0.941,0.454,0.984,0.0619,95.39,0.035,0.2,"Calm"
"277","Now and Then",0.948,0.372,0.991,0.0702,98.122,0.0414,0.244,"Calm"
"278","Revenons a` nos moutons",0.872,0.275,0.995,0.00943,94.092,0.0521,0.165,"Calm"
"279","Two Different Souls.",0.891,0.265,0.994,0.0103,110.74,0.0492,0.0985,"Calm"
"280","Airborne",0.895,0.347,0.995,0.0239,83.96,0.0371,0.154,"Calm"
"281","Manus in Mano",0.897,0.242,0.992,0.00627,74.7,0.0409,0.217,"Calm"
"282","Mar De Ardora",0.925,0.237,0.995,0.0082,206.236,0.0426,0.262,"Calm"
"283","Quiet Cove",0.924,0.244,0.994,0.0408,199.993,0.0489,0.371,"Calm"
"284","Love Will Set Us Free",0.951,0.375,0.996,0.0229,178.953,0.108,0.226,"Calm"
"285","Space Comfort",0.898,0.144,0.971,0.0152,97.852,0.0386,0.32,"Calm"
"286","Dream Until the First Rays of Dawn",0.949,0.396,0.994,0.00929,70.463,0.0532,0.338,"Calm"
"287","Presque l'amour",0.954,0.435,0.991,0.031,110.152,0.0373,0.197,"Calm"
"288","Minuit",0.94,0.443,0.993,0.0472,116.125,0.0386,0.446,"Calm"
"289","Signs of Yesterday",0.931,0.535,0.994,0.0206,48.36,0.0614,0.356,"Calm"
"290","Le Beau",0.962,0.397,0.991,0.0173,129.808,0.0465,0.15,"Calm"
"291","Her",0.92,0.394,0.988,0.0566,135.534,0.035,0.197,"Calm"
"292","Aldebaran",0.918,0.366,0.986,0.014,69.575,0.0386,0.128,"Calm"
"293","Sonder",0.96,0.343,0.992,0.00498,136.699,0.041,0.203,"Calm"
"294","Carrousel",0.933,0.514,0.951,0.235,132.139,0.0366,0.482,"Calm"
"295","Une histoire d’amour",0.961,0.459,0.992,0.0122,87.188,0.0478,0.274,"Calm"
"296","Forever",0.932,0.324,0.983,0.0568,89.204,0.0403,0.138,"Calm"
"297","I Mellanrummen",0.982,0.647,0.995,0.054,109.408,0.047,0.155,"Calm"
"298","Memories In Red",0.954,0.547,0.99,0.0174,51.053,0.0314,0.342,"Calm"
"299","Luna piena",0.91,0.588,0.981,0.128,110.518,0.0453,0.0747,"Calm"
"300","Can´t Help Smiling",0.893,0.293,0.979,0.0383,97.153,0.0338,0.109,"Calm"
"301","Solitude",0.881,0.341,0.981,0.0823,111.17,0.0377,0.0396,"Calm"
"302","When It Rains It Pours",0.955,0.121,0.966,0.0325,95.455,0.0337,0.0796,"Calm"
"303","Close To You",0.897,0.368,0.99,0.0167,114.523,0.0363,0.152,"Calm"
"304","Ornamental",0.941,0.34,0.977,0.154,81.309,0.0342,0.137,"Calm"
"305","A Gentle Sunlight",0.806,0.317,0.993,0.0349,74.547,0.037,0.12,"Calm"
"306","Agonize",0.927,0.257,0.973,0.134,75.181,0.0598,0.175,"Calm"
"307","Swan Spring",0.843,0.385,0.996,0.00786,74.284,0.0546,0.129,"Calm"
"308","Pioggia Eterna",0.945,0.495,0.996,0.041,62.007,0.0464,0.148,"Calm"
"309","Clocks",0.886,0.353,0.995,0.075,120.308,0.0379,0.317,"Calm"
"310","Wonderland",0.855,0.414,0.995,0.0178,114.247,0.0532,0.193,"Calm"
"311","Deliquescence",0.859,0.393,0.996,0.0462,73.464,0.0362,0.485,"Calm"
"312","Tient qu'a` un fil",0.964,0.637,0.996,0.0291,89.653,0.0457,0.195,"Calm"
"313","Cadeques",0.326,0.392,0.99,0.01,93.517,0.0424,0.227,"Calm"
"314","Sostenuto",0.934,0.119,0.977,0.0735,151.549,0.0425,0.0959,"Calm"
"315","A Recurring Theme",0.939,0.396,0.99,0.00598,142.357,0.0382,0.039,"Calm"
"316","Open Mind Open Heart",0.94,0.35,0.981,0.159,138.66,0.0326,0.124,"Calm"
"317","Emotion",0.938,0.366,0.985,0.0478,87.479,0.0359,0.157,"Calm"
"318","schneller als der Wind",0.897,0.461,0.994,0.0113,59.89,0.0384,0.046,"Calm"
"319","Longing For Yesterday",0.943,0.422,0.995,0.0136,135.948,0.0568,0.229,"Calm"
"320","Lämna",0.908,0.289,0.994,0.015,61.393,0.0609,0.259,"Calm"
"321","Mind Tranquility",0.981,0.0896,0.987,0.0124,169.365,0.0459,0.0694,"Calm"
"322","Prima Stella",0.913,0.242,0.994,0.0528,101.45,0.0462,0.121,"Calm"
"323","Time is the Longest Distance",0.897,0.427,0.994,0.00442,69.962,0.0424,0.278,"Calm"
"324","Swamp",0.914,0.341,0.978,0.0339,87.291,0.0381,0.152,"Calm"
"325","wandering bird",0.945,0.383,0.996,0.034,89.198,0.0352,0.39,"Calm"
"326","Memoria",0.916,0.35,0.982,0.0962,60.261,0.0416,0.242,"Calm"
"327","Daydream",0.944,0.188,0.99,0.0212,77.026,0.0345,0.0878,"Calm"
"328","Shared Shelter",0.953,0.349,0.996,0.0451,93.299,0.043,0.143,"Calm"
"329","Silhouette",0.915,0.409,0.995,0.00617,111.009,0.042,0.327,"Calm"
"330","Moving Slowly",0.911,0.27,0.994,0.0229,88.897,0.0363,0.238,"Calm"
"331","Insomnia",0.958,0.408,0.978,0.0534,105.196,0.0327,0.266,"Calm"
"332","cold embrace",0.889,0.415,0.994,0.028,66.375,0.0478,0.299,"Calm"
"333","Saman Aftur",0.813,0.337,0.954,0.178,89.935,0.0311,0.0425,"Calm"
"334","Once Upon an Autumn",0.866,0.491,0.992,0.278,103.295,0.0338,0.323,"Calm"
"335","Waiting For You",0.961,0.456,0.994,0.00698,68.92,0.0976,0.321,"Calm"
"336","Lemons In London",0.95,0.443,0.994,0.0894,100.979,0.0403,0.265,"Calm"
"337","Stundom",0.938,0.39,0.994,0.0346,122.709,0.0448,0.223,"Calm"
"338","Radiant",0.94,0.475,0.96,0.0451,80.874,0.0296,0.342,"Calm"
"339","Imagery Noir",0.892,0.398,0.995,0.0836,108.119,0.0397,0.187,"Calm"
"340","That Nothing Lasts Forever",0.927,0.273,0.991,0.0961,148.357,0.0279,0.107,"Calm"
"341","erinna",0.9,0.291,0.987,0.033,161.443,0.0528,0.263,"Calm"
"342","Se Réveiller",0.903,0.29,0.994,0.0197,58.217,0.0443,0.319,"Calm"
"343","In Reform",0.926,0.433,0.992,0.0339,108.709,0.0428,0.248,"Calm"
"344","Rocking Chair",0.889,0.487,0.978,0.0416,92.315,0.055,0.0947,"Calm"
"345","Translucency",0.966,0.445,0.987,0.193,132.187,0.0401,0.22,"Calm"
"346","Min Melodi",0.936,0.396,0.995,0.0158,136.559,0.0371,0.0799,"Calm"
"347","Aurelian",0.912,0.25,0.941,0.134,96.765,0.0326,0.0975,"Calm"
"348","Restzeit",0.86,0.318,0.994,0.0145,103.81,0.0392,0.139,"Calm"
"349","Bon voyage",0.892,0.422,0.973,0.257,94.701,0.0458,0.297,"Calm"
"350","Rondel",0.914,0.371,0.99,0.0104,105.688,0.0353,0.394,"Calm"
"351","Heartfelt",0.908,0.574,0.975,0.0652,95.023,0.0343,0.3,"Calm"
"352","Wake with me",0.945,0.277,0.99,0.00176,110.541,0.0485,0.0795,"Calm"
"353","sahdana",0.933,0.463,0.995,0.0402,68.38,0.0423,0.215,"Calm"
"354","River Running Free",0.919,0.266,0.991,0.0661,191.598,0.049,0.516,"Calm"
"355","Amici",0.904,0.428,0.99,0.085,114.357,0.0348,0.382,"Calm"
"356","Sensibilities",0.967,0.463,0.993,0.00646,139.148,0.0525,0.338,"Calm"
"357","The Farewell",0.918,0.41,0.993,0.0206,86.998,0.0434,0.215,"Calm"
"358","Je Suis Paix",0.91,0.304,0.987,0.0219,104.09,0.0324,0.231,"Calm"
"359","Gouttes de pluie",0.938,0.436,0.981,0.235,162.754,0.0346,0.529,"Calm"
"360","Simply Beautiful",0.904,0.437,0.979,0.0534,72.507,0.0382,0.106,"Calm"
"361","Tree Whisper",0.93,0.437,0.994,0.0184,119.985,0.0413,0.0478,"Calm"
"362","Postcards",0.914,0.448,0.979,0.166,109.479,0.0379,0.351,"Calm"
"363","Quiet",0.918,0.602,0.984,0.0818,111.771,0.0405,0.217,"Calm"
"364","Hindsight",0.961,0.461,0.989,0.062,105.477,0.0356,0.0656,"Calm"
"365","Short Florentine Story",0.939,0.362,0.991,0.0448,97.482,0.0347,0.306,"Calm"
"366","Perfume",0.908,0.4,0.996,0.0137,106.644,0.0658,0.0769,"Calm"
"367","Lumière Du Matin",0.929,0.3,0.99,0.013,90.631,0.0358,0.208,"Calm"
"368","Aegean Fantaisie",0.905,0.344,0.993,0.0244,133.685,0.0504,0.153,"Calm"
"369","Lady Ground",0.975,0.35,0.993,0.0922,119.252,0.0426,0.445,"Calm"
"370","Léana",0.915,0.338,0.995,0.0319,78.709,0.0434,0.216,"Calm"
"371","By the Swings",0.938,0.401,0.988,0.139,123.681,0.0477,0.396,"Calm"
"372","Aeternum",0.911,0.358,0.993,0.0806,75.552,0.0349,0.117,"Calm"
"373","Ocean",0.816,0.381,0.97,0.0862,115.123,0.0384,0.427,"Calm"
"374","Sunset",0.983,0.344,0.995,0.0215,145.57,0.0499,0.26,"Calm"
"375","Sweet Redolence",0.896,0.395,0.991,0.0307,131.514,0.0482,0.386,"Calm"
"376","Chalet",0.949,0.475,0.994,0.0435,61.326,0.0522,0.448,"Calm"
"377","Synchronicity",0.94,0.401,0.994,0.0219,99.9,0.0454,0.349,"Calm"
"378","Vc<U+030C>eraj",0.923,0.354,0.995,0.0112,146.302,0.044,0.211,"Calm"
"379","Follow The Wind",0.945,0.219,0.984,0.0254,109.354,0.045,0.0397,"Calm"
"380","Raindrops",0.928,0.316,0.993,0.0272,177.791,0.0374,0.244,"Calm"
"381","Looking Back",0.899,0.341,0.992,0.0573,112.874,0.0412,0.36,"Calm"
"382","The Sailor's Tale",0.938,0.358,0.992,0.0188,55.987,0.0384,0.132,"Calm"
"383","Nocturne",0.94,0.439,0.996,0.0359,107.353,0.0577,0.0775,"Calm"
"384","To You Again",0.874,0.387,0.993,0.0302,91.714,0.0468,0.188,"Calm"
"385","La consolation",0.887,0.322,0.994,0.00757,66.356,0.0353,0.0686,"Calm"
"386","die letzten Schritte",0.914,0.454,0.989,0.0139,109.599,0.0393,0.119,"Calm"
"387","Saving Daylight (Revisited)",0.9,0.448,0.996,0.0366,108.067,0.0405,0.296,"Calm"
"388","Fratelli",0.939,0.345,0.991,0.0303,126.968,0.0426,0.242,"Calm"
"389","Contemplation",0.948,0.58,0.993,0.0261,127.878,0.0851,0.074,"Calm"
"390","Ripples (Echoes)",0.841,0.182,0.908,0.0457,108.549,0.0452,0.136,"Calm"
"391","Scenery",0.941,0.476,0.995,0.0215,73.706,0.043,0.279,"Calm"
"392","Wurzeln",0.759,0.228,0.988,0.0101,112.62,0.0446,0.183,"Calm"
"393","Matria",0.869,0.4,0.995,0.0117,98.24,0.0346,0.214,"Calm"
"394","stronger together",0.864,0.273,0.995,0.0132,68.822,0.0392,0.104,"Calm"
"395","Nowhere",0.93,0.35,0.98,0.096,60.6,0.0324,0.0715,"Calm"
"396","A mal tiempo, buena cara",0.905,0.307,0.996,0.0225,170.392,0.0572,0.234,"Calm"
"397","The Persistence of Memory",0.946,0.326,0.993,0.0115,75.717,0.0385,0.266,"Calm"
"398","Notes From Tom",0.942,0.466,0.99,0.137,103.02,0.0442,0.152,"Calm"
"399","Late Spring",0.944,0.461,0.993,0.00828,69.875,0.037,0.258,"Calm"
"400","Somewhere",0.84,0.278,0.984,0.0172,173.655,0.0446,0.254,"Calm"
"401","Snowfall in a Forest",0.957,0.425,0.995,0.00957,91.129,0.044,0.0965,"Calm"
"402","Kokachin",0.959,0.429,0.995,0.144,77.323,0.0336,0.154,"Calm"
"403","Borrowed Time",0.909,0.337,0.977,0.0239,67.198,0.0333,0.143,"Calm"
"404","Augury",0.945,0.48,0.995,0.0275,83.941,0.0443,0.231,"Calm"
"405","Le parole non bastano",0.914,0.367,0.99,0.00888,109.885,0.0532,0.052,"Calm"
"406","vertra¨umt",0.957,0.389,0.991,0.00546,62.515,0.0418,0.271,"Calm"
"407","Verba Aymara",0.942,0.381,0.996,0.0265,91.599,0.0357,0.173,"Calm"
"408","Something (Nothing)",0.915,0.399,0.991,0.055,138.428,0.0431,0.155,"Calm"
"409","Boundaries",0.946,0.419,0.995,0.0391,92.371,0.0362,0.414,"Calm"
"410","Tu me donne de la force",0.875,0.243,0.992,0.0246,168.098,0.0396,0.214,"Calm"
"411","All that Glitters",0.939,0.401,0.995,0.00743,118.212,0.0522,0.123,"Calm"
"412","Illumination",0.964,0.324,0.988,0.0345,60.387,0.0299,0.108,"Calm"
"413","In This Way",0.933,0.439,0.99,0.0944,132.334,0.0372,0.147,"Calm"
"414","My Mind Made Up",0.915,0.225,0.981,0.131,80.615,0.0353,0.335,"Calm"
"415","When We First Met",0.95,0.383,0.994,0.018,89.114,0.0345,0.388,"Calm"
"416","Branches",0.868,0.114,0.869,0.221,179.802,0.0366,0.106,"Calm"
"417","Alba",0.923,0.557,0.988,0.0395,84.017,0.0419,0.183,"Calm"
"418","After the Storm",0.866,0.187,0.977,0.0275,81.322,0.0348,0.0894,"Calm"
"419","Imperceptible",0.93,0.226,0.993,0.00928,199.707,0.0391,0.117,"Calm"
"420","Stay here",0.941,0.284,0.995,0.0223,99.99,0.0373,0.283,"Calm"
"421","Drifting Sand",0.9,0.336,0.916,0.0343,77.125,0.0357,0.291,"Calm"
"422","Piha",0.958,0.51,0.993,0.00885,106.89,0.044,0.405,"Calm"
"423","Song For Emma",0.941,0.347,0.994,0.0428,59.858,0.0592,0.189,"Calm"
"424","Progression",0.945,0.352,0.995,0.2,150.547,0.0315,0.276,"Calm"
"425","Night Light",0.914,0.519,0.994,0.0348,98.795,0.0385,0.186,"Calm"
"426","Wait For Me",0.936,0.419,0.991,0.0142,97.854,0.0291,0.252,"Calm"
"427","Cavtat",0.937,0.365,0.993,0.0282,86.109,0.0373,0.466,"Calm"
"428","Il Colibrì",0.824,0.503,0.977,0.0555,128.033,0.0338,0.167,"Calm"
"429","Onthou",0.94,0.307,0.996,0.05,138.484,0.0345,0.41,"Calm"
"430","Thinking Back",0.956,0.402,0.995,0.00261,148.234,0.0467,0.207,"Calm"
"431","After The Rain",0.921,0.367,0.988,0.043,136.026,0.0424,0.0778,"Calm"
"432","Innocent Pleasure",0.906,0.323,0.984,0.0748,139.069,0.039,0.364,"Calm"
"433","Like Before",0.918,0.56,0.987,0.0345,48.281,0.0353,0.34,"Calm"
"434","Trust",0.837,0.204,0.993,0.0125,84.494,0.0522,0.202,"Calm"
"435","Isle of Arran",0.945,0.427,0.995,0.0147,51.357,0.059,0.108,"Calm"
"436","Rêvasser",0.916,0.374,0.983,0.023,118.96,0.0347,0.0776,"Calm"
"437","Melts Into Air",0.954,0.414,0.991,0.00739,74.253,0.0467,0.228,"Calm"
"438","Mécanique",0.9,0.359,0.995,0.0445,79.215,0.0453,0.14,"Calm"
"439","Natural Light",0.951,0.218,0.992,0.00352,68.61,0.0515,0.192,"Calm"
"440","Chronostasis",0.932,0.379,0.988,0.0591,109.679,0.0339,0.428,"Calm"
"441","Waves",0.898,0.465,0.975,0.0655,59.008,0.0699,0.054,"Calm"
"442","Meditation: I. Promise",0.961,0.412,0.995,0.0293,102.257,0.0513,0.5,"Calm"
"443","Views Of Nature",0.978,0.485,0.993,0.0349,80.627,0.0526,0.487,"Calm"
"444","Ceci n'est pas une Valse",0.942,0.543,0.995,0.0421,54.835,0.0418,0.318,"Calm"
"445","Two Steps Forward",0.955,0.427,0.991,0.0188,130.468,0.0391,0.16,"Calm"
"446","Verträumt",0.938,0.561,0.995,0.0332,75.817,0.0808,0.438,"Calm"
"447","Abbellimenti",0.924,0.488,0.991,0.0821,145.053,0.0365,0.199,"Calm"
"448","Dvale",0.896,0.306,0.964,0.164,119.859,0.0468,0.0874,"Calm"
"449","Lonely Leslie",0.936,0.289,0.995,0.0982,84.064,0.0364,0.106,"Calm"
"450","Monuments",0.878,0.561,0.991,0.0234,95.963,0.034,0.248,"Calm"
"451","Bad Habits",3.14e-05,0.808,0.0469,0.897,126.026,0.0348,0.591,"Energy"
"452","Heartbreak Anthem (with David Guetta & Little Mix)",0,0.595,0.216,0.784,124.111,0.102,0.479,"Energy"
"453","STAY (with Justin Bieber)",0,0.591,0.0383,0.764,169.928,0.0483,0.478,"Energy"
"454","Don't Go Yet",0,0.666,0.0492,0.796,110.108,0.103,0.61,"Energy"
"455","My Head & My Heart",0,0.614,0.0697,0.934,116.001,0.07,0.436,"Energy"
"456","Run",0,0.682,0.326,0.72,117.003,0.0381,0.673,"Energy"
"457","Kiss My (Uh Oh)",0.000223,0.638,0.0151,0.878,103.948,0.0484,0.481,"Energy"
"458","Rain On Me (with Ariana Grande)",0,0.672,0.021,0.855,123.056,0.0397,0.646,"Energy"
"459","Summer of Love (Shawn Mendes & Tainy)",0.000127,0.776,0.0297,0.808,123.988,0.117,0.494,"Energy"
"460","Hot N Cold",0,0.706,7.95e-05,0.841,132.032,0.0418,0.861,"Energy"
"461","BED",0.00179,0.663,0.0134,0.783,123.986,0.0393,0.622,"Energy"
"462","Kings & Queens",0,0.637,0.00786,0.69,129.857,0.0405,0.457,"Energy"
"463","Black Magic",0,0.776,0.0343,0.875,111.988,0.0575,0.849,"Energy"
"464","Shake It Off",0,0.647,0.0647,0.8,160.078,0.165,0.942,"Energy"
"465","THATS WHAT I WANT",0,0.737,0.00614,0.846,87.981,0.22,0.546,"Energy"
"466","On The Floor",0.000478,0.73,0.105,0.777,130,0.0496,0.575,"Energy"
"467","Fall So Hard",0,0.572,0.0949,0.797,135.76,0.0497,0.598,"Energy"
"468","Call Me Maybe",2.28e-06,0.783,0.0114,0.58,120.021,0.0408,0.66,"Energy"
"469","Shout Out to My Ex",8.23e-06,0.773,0.0239,0.747,126.014,0.0889,0.8,"Energy"
"470","Never Really Over",0,0.77,0.194,0.882,99.991,0.0602,0.385,"Energy"
"471","Butter",0,0.759,0.00323,0.459,109.997,0.0948,0.695,"Energy"
"472","Lasting Lover",0,0.676,0.197,0.786,125.983,0.0478,0.483,"Energy"
"473","Fly Away",0,0.806,0.217,0.513,124.988,0.0685,0.503,"Energy"
"474","Don't Start Now",0,0.794,0.0125,0.793,123.941,0.0842,0.677,"Energy"
"475","She Looks So Perfect",0,0.494,0.000569,0.951,160.025,0.132,0.441,"Energy"
"476","Bad Blood",0,0.654,0.0294,0.655,170.16,0.106,0.221,"Energy"
"477","Dynamite",0,0.751,0.00379,0.783,119.975,0.0859,0.816,"Energy"
"478","EveryTime I Cry",0,0.727,0.181,0.832,127.035,0.0366,0.213,"Energy"
"479","Feel This Moment (feat. Christina Aguilera)",0,0.673,0.039,0.758,135.956,0.158,0.542,"Energy"
"480","Firework",0,0.638,0.141,0.832,124.071,0.049,0.648,"Energy"
"481","If I Can't Have You",0,0.691,0.487,0.823,123.935,0.0623,0.87,"Energy"
"482","TiK ToK",0,0.755,0.0991,0.837,120.028,0.142,0.714,"Energy"
"483","Good Time",6.98e-06,0.56,0.0239,0.872,126.05,0.14,0.682,"Energy"
"484","Only Want You - Sam Feldt Remix",0.000106,0.578,0.232,0.786,105.945,0.13,0.347,"Energy"
"485","You Belong With Me (Taylor’s Version)",0,0.632,0.0623,0.773,130.033,0.0346,0.474,"Energy"
"486","Live While We're Young",0,0.658,0.0629,0.837,126.015,0.0543,0.936,"Energy"
"487","There's Nothing Holdin' Me Back",0,0.866,0.38,0.813,121.998,0.0554,0.969,"Energy"
"488","Part Of Me",0,0.678,0.000417,0.918,130.028,0.0355,0.769,"Energy"
"489","Maps",0,0.742,0.0205,0.713,120.032,0.0303,0.879,"Energy"
"490","Glad You Came",0,0.722,0.0319,0.851,126.885,0.0639,0.452,"Energy"
"491","Youngblood",0,0.596,0.0169,0.854,120.274,0.463,0.152,"Energy"
"492","Bang Bang",0,0.703,0.283,0.747,149.974,0.0895,0.7,"Energy"
"493","I Wanna Be Dancing",0.00174,0.764,0.0281,0.793,123.013,0.067,0.831,"Energy"
"494","Head & Heart (feat. MNEK)",1.14e-05,0.734,0.168,0.874,122.953,0.0662,0.905,"Energy"
"495","Paradise (feat. Dermot Kennedy)",0,0.632,0.0689,0.595,124.114,0.0401,0.435,"Energy"
"496","Bad Romance",5.24e-05,0.696,0.00314,0.921,119.001,0.0363,0.714,"Energy"
"497","Kiss You",0,0.63,0.0186,0.934,89.992,0.0589,0.905,"Energy"
"498","The One That Got Away",1.02e-06,0.691,0.000812,0.795,133.971,0.0355,0.876,"Energy"
"499","Don't Call Me Up",3.01e-06,0.674,0.296,0.881,98.994,0.147,0.234,"Energy"
"500","The Nights",0,0.527,0.0166,0.835,125.983,0.0433,0.654,"Energy"
"501","Moves Like Jagger - Studio Recording From ""The Voice"" Performance",0,0.722,0.0117,0.761,128.044,0.0475,0.624,"Energy"
"502","Break Free",4.35e-05,0.687,0.0064,0.702,129.956,0.0455,0.284,"Energy"
"503","Born This Way",0,0.587,0.00327,0.828,123.907,0.161,0.494,"Energy"
"504","Sixteen",0,0.677,0.261,0.802,109.918,0.139,0.539,"Energy"
"505","Never Love You Again (with Little Big Town & Bryn Christopher)",3.57e-06,0.645,0.0343,0.786,124.962,0.0554,0.597,"Energy"
"506","Chain My Heart",1.2e-06,0.663,0.0791,0.849,123.992,0.0334,0.722,"Energy"
"507","Raise Your Glass",0,0.7,0.0048,0.709,122.019,0.0838,0.624,"Energy"
"508","California Gurls",0,0.788,0.0038,0.753,125.005,0.0536,0.403,"Energy"
"509","Only Girl (In The World)",1.07e-05,0.789,0.129,0.716,125.906,0.0432,0.611,"Energy"
"510","Stitches",0,0.746,0.0152,0.754,149.882,0.0676,0.746,"Energy"
"511","Dive",0,0.654,0.00515,0.787,123.978,0.0502,0.409,"Energy"
"512","Came Here for Love",0,0.708,0.0313,0.868,124.994,0.0431,0.72,"Energy"
"513","Animals",0,0.279,0.000185,0.742,189.868,0.0898,0.328,"Energy"
"514","Can We Dance",0,0.64,0.00312,0.82,130.108,0.0464,0.583,"Energy"
"515","Into You",1.75e-06,0.623,0.0162,0.734,107.853,0.107,0.37,"Energy"
"516","Don't Stop The Music",6.92e-05,0.835,0.0336,0.669,122.668,0.0643,0.542,"Energy"
"517","I Gotta Feeling",0,0.743,0.0873,0.766,127.96,0.0265,0.61,"Energy"
"518","New Rules",1.56e-05,0.762,0.00261,0.7,116.073,0.0694,0.608,"Energy"
"519","Overpass Graffiti",0,0.52,0.00253,0.849,175.908,0.186,0.774,"Energy"
"520","DJ Got Us Fallin' In Love (feat. Pitbull)",0,0.663,0.0338,0.861,119.963,0.109,0.654,"Energy"
"521","I Know What You Did Last Summer",0,0.687,0.102,0.761,113.939,0.0876,0.743,"Energy"
"522","We Found Love",0.00138,0.735,0.025,0.766,127.985,0.0383,0.6,"Energy"
"523","Love Myself",0,0.616,0.0029,0.765,122.916,0.078,0.343,"Energy"
"524","Marry You",0,0.621,0.332,0.82,144.905,0.0367,0.452,"Energy"
"525","Sexy Lady",1.56e-05,0.71,0.00542,0.841,127.989,0.0466,0.942,"Energy"
"526","Galway Girl",0,0.624,0.0735,0.876,99.943,0.1,0.781,"Energy"
"527","Cake By The Ocean",0,0.774,0.152,0.753,119.002,0.0517,0.896,"Energy"
"528","So What",0,0.534,0.000334,0.87,126.019,0.0425,0.462,"Energy"
"529","Wild Ones (feat. Sia)",0,0.608,0.0991,0.86,127.075,0.0554,0.437,"Energy"
"530","Disturbia",0,0.707,0.0863,0.813,124.921,0.0571,0.722,"Energy"
"531","Wake Me Up",0.0012,0.532,0.0038,0.783,124.08,0.0523,0.643,"Energy"
"532","Single Ladies (Put a Ring on It)",0,0.426,0.0383,0.584,193.437,0.296,0.272,"Energy"
"533","Euphoria",4.85e-05,0.518,0.079,0.679,132.146,0.0355,0.106,"Energy"
"534","Big (feat. Gunna)",1.16e-06,0.779,0.0659,0.845,111.995,0.0356,0.615,"Energy"
"535","No Lie",0,0.742,0.0466,0.882,102.04,0.117,0.463,"Energy"
"536","The Edge Of Glory",0.0162,0.583,0.000323,0.768,127.952,0.041,0.357,"Energy"
"537","Wannabe",0,0.768,0.101,0.864,110.008,0.0324,0.891,"Energy"
"538","Don't Be so Hard on Yourself",0,0.571,0.0608,0.815,120.008,0.0321,0.664,"Energy"
"539","Coming Home",4.14e-06,0.612,0.128,0.937,144.013,0.0592,0.653,"Energy"
"540","Club Can't Handle Me (feat. David Guetta)",0,0.616,0.0283,0.869,127.966,0.0327,0.473,"Energy"
"541","Cut To The Feeling",0.00123,0.71,0.0135,0.909,115.001,0.0639,0.648,"Energy"
"542","Locked out of Heaven",0,0.726,0.049,0.698,143.994,0.0431,0.867,"Energy"
"543","Stupid Love",0.000122,0.68,0.00173,0.825,117.987,0.0702,0.784,"Energy"
"544","Geronimo",0.0013,0.707,0.434,0.771,142.016,0.0783,0.437,"Energy"
"545","This Is What You Came For (feat. Rihanna)",0.119,0.631,0.199,0.927,123.962,0.0332,0.465,"Energy"
"546","Rockabye (feat. Sean Paul & Anne-Marie)",0,0.72,0.406,0.763,101.965,0.0523,0.742,"Energy"
"547","I Love It",1.34e-05,0.71,0.00828,0.901,125.953,0.0296,0.86,"Energy"
"548","Ritual",0,0.647,0.157,0.726,114.998,0.0552,0.769,"Energy"
"549","Giants",3.04e-05,0.579,0.0145,0.839,158.141,0.0703,0.589,"Energy"
"550","Problem",8.83e-06,0.66,0.0192,0.805,103.008,0.153,0.625,"Energy"
"551","Rasputin",6.92e-05,0.758,0.00364,0.913,128.04,0.113,0.658,"Energy"
"552","Blinding Lights",9.54e-05,0.514,0.00146,0.73,171.005,0.0598,0.334,"Energy"
"553","Rise",0,0.687,0.327,0.785,106.046,0.0333,0.655,"Energy"
"554","New Love (feat. Ellie Goulding)",2.47e-06,0.786,0.0547,0.732,123.982,0.0421,0.631,"Energy"
"555","We Got Love",2.51e-05,0.722,0.0205,0.812,124.909,0.0924,0.657,"Energy"
"556","Castle on the Hill",1.14e-05,0.461,0.0232,0.834,135.007,0.0989,0.471,"Energy"
"557","Pon de Replay",0.00077,0.779,0.000155,0.64,99.019,0.159,0.498,"Energy"
"558","Burn",0,0.559,0.31,0.777,87.016,0.0432,0.329,"Energy"
"559","Drive By",1.06e-05,0.765,0.00107,0.837,122.028,0.032,0.721,"Energy"
"560","I'm In Love With a Monster",0,0.666,0.0597,0.812,145.059,0.0647,0.868,"Energy"
"561","Power (feat. Stormzy)",5.55e-06,0.586,0.0345,0.865,172.917,0.319,0.468,"Energy"
"562","Ghost",8.66e-06,0.68,0.0457,0.84,104.975,0.0414,0.468,"Energy"
"563","Perfect Strangers",0,0.73,0.39,0.861,117.965,0.0451,0.704,"Energy"
"564","NO",1.61e-06,0.557,0.0124,0.803,92.134,0.213,0.657,"Energy"
"565","Keep Me Crazy",0,0.683,0.0226,0.875,143.957,0.0552,0.717,"Energy"
"566","More Than You Know",0,0.645,0.0323,0.741,123.07,0.0339,0.534,"Energy"
"567","Can't Hold Us - feat. Ray Dalton",0,0.641,0.0291,0.922,146.078,0.0786,0.847,"Energy"
"568","Wellerman - Sea Shanty / 220 KID x Billen Ted Remix",0.000937,0.722,0.0441,0.893,119.932,0.0475,0.439,"Energy"
"569","Sledgehammer",0.0011,0.671,0.0057,0.777,99.98,0.046,0.289,"Energy"
"570","We R Who We R",0.00167,0.736,0.00987,0.817,119.95,0.0407,0.653,"Energy"
"571","What I Like About You (feat. Theresa Rex)",6.16e-06,0.46,0.289,0.8,102.46,0.05,0.553,"Energy"
"572","Instruction",0,0.771,0.112,0.916,121.115,0.199,0.927,"Energy"
"573","Boy With Luv (feat. Halsey)",0,0.645,0.0923,0.862,119.991,0.0965,0.798,"Energy"
"574","A Sky Full of Stars",0.00197,0.545,0.00617,0.675,124.97,0.0279,0.162,"Energy"
"575","When You're Looking Like That - Single Remix",0,0.597,0.018,0.945,147.908,0.0497,0.939,"Energy"
"576","Hotter Than Hell",0,0.532,0.011,0.868,110.127,0.0908,0.529,"Energy"
"577","Burnin' Up",0,0.667,0.0296,0.954,114,0.0817,0.807,"Energy"
"578","Misery",0,0.703,0.000307,0.811,102.979,0.0423,0.711,"Energy"
"579","Taki Taki (with Selena Gomez, Ozuna & Cardi B)",4.82e-06,0.842,0.157,0.801,95.881,0.228,0.617,"Energy"
"580","No Money",0.00762,0.671,0.0282,0.916,126.01,0.0397,0.803,"Energy"
"581","Call on Me - Ryan Riback Remix",0.000611,0.67,0.0604,0.838,104.998,0.0362,0.717,"Energy"
"582","Solo (feat. Demi Lovato)",6.66e-05,0.737,0.0441,0.636,105.005,0.0437,0.565,"Energy"
"583","Breaking Me",0,0.789,0.223,0.72,122.031,0.218,0.664,"Energy"
"584","Let Me Love You (Until You Learn To Love Yourself)",0,0.658,0.248,0.677,124.91,0.0393,0.248,"Energy"
"585","Fireball (feat. John Ryan)",8.53e-05,0.761,0.0908,0.933,122.959,0.056,0.836,"Energy"
"586","Everybody (Backstreet's Back) - Radio Edit",0,0.731,0.0352,0.853,108.016,0.0363,0.605,"Energy"
"587","For You (Fifty Shades Freed) (& Rita Ora)",0,0.541,0.0167,0.787,113,0.0331,0.2,"Energy"
"588","Your Love (9PM)",6.28e-06,0.669,0.194,0.784,125.993,0.112,0.517,"Energy"
"589","All Night",0,0.6,0.00274,0.905,124.032,0.0357,0.636,"Energy"
"590","Dance Again",2.79e-06,0.797,0.0158,0.867,127.974,0.0696,0.716,"Energy"
"591","Heart to Break",2.77e-06,0.74,0.0403,0.631,109.029,0.196,0.887,"Energy"
"592","Grace Kelly",0.0102,0.675,0.0242,0.828,122.229,0.0454,0.669,"Energy"
"593","Green Light",8.55e-06,0.594,0.0209,0.721,128.942,0.0957,0.253,"Energy"
"594","Don’t Feel Like Crying",0,0.749,0.156,0.814,119.964,0.0404,0.715,"Energy"
"595","Something In The Way You Move",0,0.658,0.0398,0.814,109.004,0.0493,0.316,"Energy"
"596","One Kiss (with Dua Lipa)",2.19e-05,0.791,0.037,0.862,123.994,0.11,0.592,"Energy"
"597","By Your Side",0,0.695,0.0786,0.743,123.007,0.0329,0.634,"Energy"
"598","24K Magic",0,0.818,0.034,0.803,106.97,0.0797,0.632,"Energy"
"599","Lullaby",1.27e-05,0.725,0.0784,0.834,120.026,0.037,0.859,"Energy"
"600","Girls Like (feat. Zara Larsson)",1.18e-05,0.916,0.37,0.804,120.028,0.049,0.538,"Energy"
